RefexSampleId	BiosampleId	ProjectSampleId
RES00003105	SAMD00004832	11552-120C4
RES00003105	SAMD00004918	11633-122C4
RES00003105	SAMD00021198	11710-123B9
RES00003106	SAMD00005207	12158-128G7
RES00003107	SAMD00004692	11851-124I6
RES00003107	SAMD00005872	11850-124I5
RES00003108	SAMD00004678	11849-124I4
RES00003108	SAMD00005789	11848-124I3
RES00003109	SAMD00004708	11852-124I7
RES00003109	SAMD00005805	11853-124I8
RES00003110	SAMD00006302	11946-126B2
RES00003110	SAMD00006304	11945-126B1
RES00003111	SAMD00006300	11944-126A9
RES00003111	SAMD00006301	11943-126A8
RES00003112	SAMD00004975	11818-124E9
RES00003112	SAMD00006303	11814-124E5
RES00003113	SAMD00004704	11820-124F2
RES00003113	SAMD00005993	11816-124E7
RES00003114	SAMD00005688	11819-124F1
RES00003114	SAMD00005830	11815-124E6
RES00003115	SAMD00005225	11813-124E4
RES00003115	SAMD00005686	11817-124E8
RES00003116	SAMD00004871	11774-124A1
RES00003116	SAMD00005119	11778-124A5
RES00003116	SAMD00005513	11776-124A3
RES00003117	SAMD00004730	11775-124A2
RES00003117	SAMD00005174	11779-124A6
RES00003117	SAMD00005393	11777-124A4
RES00003118	SAMD00005443	10001-101A3
RES00003119	SAMD00005018	12972-138H2
RES00003119	SAMD00005159	12988-138I9
RES00003119	SAMD00005381	13004-139B7
RES00003120	SAMD00021618	12973-138H3
RES00003120	SAMD00021632	12989-139A1
RES00003120	SAMD00021646	13005-139B8
RES00003121	SAMD00021619	12974-138H4
RES00003121	SAMD00021633	12990-139A2
RES00003121	SAMD00021647	13006-139B9
RES00003122	SAMD00021620	12975-138H5
RES00003122	SAMD00021634	12991-139A3
RES00003122	SAMD00021648	13007-139C1
RES00003123	SAMD00021621	12976-138H6
RES00003123	SAMD00021635	12992-139A4
RES00003123	SAMD00021649	13008-139C2
RES00003124	SAMD00021622	12977-138H7
RES00003124	SAMD00021636	12993-139A5
RES00003124	SAMD00021650	13009-139C3
RES00003125	SAMD00021623	12978-138H8
RES00003125	SAMD00021637	12994-139A6
RES00003125	SAMD00021651	13010-139C4
RES00003126	SAMD00021624	12979-138H9
RES00003126	SAMD00021638	12995-139A7
RES00003126	SAMD00021652	13011-139C5
RES00003127	SAMD00021625	12980-138I1
RES00003127	SAMD00021639	12996-139A8
RES00003127	SAMD00021653	13012-139C6
RES00003128	SAMD00021626	12981-138I2
RES00003128	SAMD00021640	12997-139A9
RES00003128	SAMD00021654	13013-139C7
RES00003129	SAMD00021627	12982-138I3
RES00003129	SAMD00021641	12998-139B1
RES00003129	SAMD00021655	13014-139C8
RES00003130	SAMD00021628	12983-138I4
RES00003130	SAMD00021642	12999-139B2
RES00003130	SAMD00021656	13015-139C9
RES00003131	SAMD00021629	12984-138I5
RES00003131	SAMD00021643	13000-139B3
RES00003131	SAMD00021657	13016-139D1
RES00003132	SAMD00021630	12985-138I6
RES00003132	SAMD00021644	13001-139B4
RES00003132	SAMD00021658	13017-139D2
RES00003133	SAMD00021631	12986-138I7
RES00003133	SAMD00021645	13002-139B5
RES00003133	SAMD00021659	13018-139D3
RES00003134	SAMD00021103	14375-156B1
RES00003134	SAMD00021104	14376-156B2
RES00003134	SAMD00021105	14377-156B3
RES00003135	SAMD00021106	14378-156B4
RES00003136	SAMD00021107	14379-156B5
RES00003137	SAMD00021093	14357-155I1
RES00003137	SAMD00021098	14362-155I6
RES00003138	SAMD00021094	14358-155I2
RES00003138	SAMD00021099	14363-155I7
RES00003139	SAMD00021095	14359-155I3
RES00003139	SAMD00021100	14364-155I8
RES00003140	SAMD00021096	14360-155I4
RES00003140	SAMD00021101	14365-155I9
RES00003141	SAMD00021097	14361-155I5
RES00003141	SAMD00021102	14366-156A1
RES00003142	SAMD00022323	14354-155H7
RES00003142	SAMD00022324	14355-155H8
RES00003142	SAMD00022325	14356-155H9
RES00003143	SAMD00022320	14351-155H4
RES00003143	SAMD00022321	14352-155H5
RES00003143	SAMD00022322	14353-155H6
RES00003144	SAMD00022308	14339-155G1
RES00003144	SAMD00022309	14340-155G2
RES00003144	SAMD00022310	14341-155G3
RES00003145	SAMD00022330	14371-156A6
RES00003145	SAMD00022331	14372-156A7
RES00003146	SAMD00022332	14373-156A8
RES00003146	SAMD00022333	14374-156A9
RES00003147	SAMD00022317	14348-155H1
RES00003147	SAMD00022318	14349-155H2
RES00003147	SAMD00022319	14350-155H3
RES00003148	SAMD00022311	14342-155G4
RES00003148	SAMD00022312	14343-155G5
RES00003148	SAMD00022313	14344-155G6
RES00003149	SAMD00022328	14369-156A4
RES00003149	SAMD00022329	14370-156A5
RES00003150	SAMD00022314	14345-155G7
RES00003150	SAMD00022315	14346-155G8
RES00003150	SAMD00022316	14347-155G9
RES00003151	SAMD00022326	14367-156A2
RES00003151	SAMD00022327	14368-156A3
RES00003152	SAMD00005062	10263-104D2
RES00003152	SAMD00005121	10262-104D1
RES00003153	SAMD00004773	11845-124H9
RES00003153	SAMD00005004	11847-124I2
RES00003153	SAMD00005557	11846-124I1
RES00003154	SAMD00004676	10253-104C1
RES00003154	SAMD00005822	10252-104B9
RES00003155	SAMD00005036	10260-104C8
RES00003156	SAMD00021236	12215-129E1
RES00003157	SAMD00021237	12216-129E2
RES00003158	SAMD00021238	12217-129E3
RES00003159	SAMD00021239	12218-129E4
RES00003160	SAMD00004794	13195-141E9
RES00003160	SAMD00005952	13063-139I3
RES00003160	SAMD00005969	13129-140G6
RES00003161	SAMD00021703	13064-139I4
RES00003161	SAMD00021766	13130-140G7
RES00003161	SAMD00021829	13196-141F1
RES00003162	SAMD00021704	13065-139I5
RES00003162	SAMD00021767	13131-140G8
RES00003162	SAMD00021830	13197-141F2
RES00003163	SAMD00021705	13066-139I6
RES00003163	SAMD00021768	13132-140G9
RES00003163	SAMD00021831	13198-141F3
RES00003164	SAMD00021706	13067-139I7
RES00003164	SAMD00021769	13133-140H1
RES00003164	SAMD00021832	13199-141F4
RES00003165	SAMD00021707	13068-139I8
RES00003165	SAMD00021770	13134-140H2
RES00003165	SAMD00021833	13200-141F5
RES00003166	SAMD00021708	13069-139I9
RES00003166	SAMD00021771	13135-140H3
RES00003166	SAMD00021834	13201-141F6
RES00003167	SAMD00021709	13070-140A1
RES00003167	SAMD00021772	13136-140H4
RES00003167	SAMD00021835	13202-141F7
RES00003168	SAMD00021710	13071-140A2
RES00003168	SAMD00021773	13137-140H5
RES00003168	SAMD00021836	13203-141F8
RES00003169	SAMD00021711	13072-140A3
RES00003169	SAMD00021774	13138-140H6
RES00003169	SAMD00021837	13204-141F9
RES00003170	SAMD00021712	13073-140A4
RES00003170	SAMD00021775	13139-140H7
RES00003170	SAMD00021838	13205-141G1
RES00003171	SAMD00021713	13074-140A5
RES00003171	SAMD00021776	13140-140H8
RES00003171	SAMD00021839	13206-141G2
RES00003172	SAMD00021714	13075-140A6
RES00003172	SAMD00021777	13141-140H9
RES00003172	SAMD00021840	13207-141G3
RES00003173	SAMD00021715	13076-140A7
RES00003173	SAMD00021778	13142-140I1
RES00003173	SAMD00021841	13208-141G4
RES00003174	SAMD00021716	13077-140A8
RES00003174	SAMD00021779	13143-140I2
RES00003174	SAMD00021842	13209-141G5
RES00003175	SAMD00021717	13078-140A9
RES00003175	SAMD00021780	13144-140I3
RES00003175	SAMD00021843	13210-141G6
RES00003176	SAMD00005032	12229-129F6
RES00003176	SAMD00005052	12228-129F5
RES00003176	SAMD00005546	12230-129F7
RES00003177	SAMD00004935	12161-128H1
RES00003177	SAMD00005037	12159-128G8
RES00003177	SAMD00005808	12163-128H3
RES00003178	SAMD00004836	12162-128H2
RES00003178	SAMD00005483	12164-128H4
RES00003178	SAMD00006004	12160-128G9
RES00003179	SAMD00021213	11947-126B3
RES00003180	SAMD00005370	11484-119D8
RES00003180	SAMD00005597	11485-119D9
RES00003181	SAMD00004682	11299-117B3
RES00003182	SAMD00005734	11708-123B7
RES00003182	SAMD00005740	11550-120C2
RES00003183	SAMD00004686	11709-123B8
RES00003183	SAMD00004768	11551-120C3
RES00003183	SAMD00005982	11632-122C3
RES00003184	SAMD00005132	11856-125A2
RES00003185	SAMD00005197	11854-124I9
RES00003186	SAMD00004722	11855-125A1
RES00003187	SAMD00005586	11711-123C1
RES00003187	SAMD00005910	11729-123E1
RES00003187	SAMD00005984	11634-122C5
RES00003188	SAMD00004681	11712-123C2
RES00003189	SAMD00004673	11636-122C7
RES00003189	SAMD00004825	11731-123E3
RES00003189	SAMD00005867	11713-123C3
RES00003190	SAMD00004728	11639-122D1
RES00003190	SAMD00005064	11716-123C6
RES00003190	SAMD00021200	11734-123E6
RES00003191	SAMD00004986	11640-122D2
RES00003191	SAMD00005198	11717-123C7
RES00003191	SAMD00005570	11735-123E7
RES00003192	SAMD00005195	11718-123C8
RES00003192	SAMD00005410	11736-123E8
RES00003192	SAMD00005713	11641-122D3
RES00003193	SAMD00004767	11647-122D9
RES00003193	SAMD00005136	11742-123F5
RES00003193	SAMD00005346	11724-123D5
RES00003194	SAMD00004921	11738-123F1
RES00003194	SAMD00005340	11643-122D5
RES00003194	SAMD00005748	11720-123D1
RES00003195	SAMD00004948	11739-123F2
RES00003195	SAMD00005482	11644-122D6
RES00003195	SAMD00005801	11721-123D2
RES00003196	SAMD00004769	11740-123F3
RES00003196	SAMD00005499	11722-123D3
RES00003196	SAMD00005951	11645-122D7
RES00003197	SAMD00005038	11741-123F4
RES00003197	SAMD00005045	11646-122D8
RES00003197	SAMD00005105	11723-123D4
RES00003198	SAMD00004762	11490-119E5
RES00003198	SAMD00005278	11770-123I6
RES00003198	SAMD00005603	11489-119E4
RES00003199	SAMD00004838	11725-123D6
RES00003199	SAMD00005498	11648-122E1
RES00003199	SAMD00005914	11743-123F6
RES00003200	SAMD00021199	11727-123D8
RES00003201	SAMD00004908	11728-123D9
RES00003201	SAMD00005863	11746-123F9
RES00003201	SAMD00005987	11651-122E4
RES00003202	SAMD00004813	11830-124G3
RES00003203	SAMD00005887	11825-124F7
RES00003204	SAMD00004776	11714-123C4
RES00003204	SAMD00005469	11822-124F4
RES00003204	SAMD00005803	11824-124F6
RES00003204	SAMD00005998	11637-122C8
RES00003204	SAMD00021201	11821-124F3
RES00003204	SAMD00021202	11823-124F5
RES00003205	SAMD00021225	11959-126C6
RES00003206	SAMD00021214	11948-126B4
RES00003207	SAMD00005255	10003-101A7
RES00003208	SAMD00021267	12308-130F4
RES00003208	SAMD00021313	12430-132A9
RES00003208	SAMD00021359	12552-133F5
RES00003209	SAMD00021268	12309-130F5
RES00003209	SAMD00021314	12431-132B1
RES00003209	SAMD00021360	12553-133F6
RES00003210	SAMD00021269	12310-130F6
RES00003210	SAMD00021315	12432-132B2
RES00003210	SAMD00021361	12554-133F7
RES00003211	SAMD00021270	12311-130F7
RES00003211	SAMD00021316	12433-132B3
RES00003211	SAMD00021362	12555-133F8
RES00003212	SAMD00021271	12312-130F8
RES00003212	SAMD00021317	12434-132B4
RES00003212	SAMD00021363	12556-133F9
RES00003213	SAMD00021272	12313-130F9
RES00003213	SAMD00021318	12435-132B5
RES00003213	SAMD00021364	12557-133G1
RES00003214	SAMD00021273	12314-130G1
RES00003214	SAMD00021319	12436-132B6
RES00003214	SAMD00021365	12558-133G2
RES00003215	SAMD00021274	12315-130G2
RES00003215	SAMD00021320	12437-132B7
RES00003215	SAMD00021366	12559-133G3
RES00003216	SAMD00021275	12316-130G3
RES00003216	SAMD00021321	12438-132B8
RES00003216	SAMD00021367	12560-133G4
RES00003217	SAMD00021276	12317-130G4
RES00003217	SAMD00021322	12439-132B9
RES00003217	SAMD00021368	12561-133G5
RES00003218	SAMD00021277	12318-130G5
RES00003218	SAMD00021323	12440-132C1
RES00003218	SAMD00021369	12562-133G6
RES00003219	SAMD00021278	12319-130G6
RES00003219	SAMD00021324	12441-132C2
RES00003219	SAMD00021370	12563-133G7
RES00003220	SAMD00021279	12320-130G7
RES00003220	SAMD00021325	12442-132C3
RES00003220	SAMD00021371	12564-133G8
RES00003221	SAMD00021280	12321-130G8
RES00003221	SAMD00021326	12443-132C4
RES00003221	SAMD00021372	12565-133G9
RES00003222	SAMD00021281	12322-130G9
RES00003222	SAMD00021327	12444-132C5
RES00003222	SAMD00021373	12566-133H1
RES00003223	SAMD00021282	12323-130H1
RES00003223	SAMD00021328	12445-132C6
RES00003223	SAMD00021374	12567-133H2
RES00003224	SAMD00021283	12324-130H2
RES00003224	SAMD00021329	12446-132C7
RES00003224	SAMD00021375	12568-133H3
RES00003225	SAMD00021284	12325-130H3
RES00003225	SAMD00021330	12447-132C8
RES00003225	SAMD00021376	12569-133H4
RES00003226	SAMD00021285	12326-130H4
RES00003226	SAMD00021331	12448-132C9
RES00003226	SAMD00021377	12570-133H5
RES00003227	SAMD00021286	12327-130H5
RES00003227	SAMD00021332	12449-132D1
RES00003227	SAMD00021378	12571-133H6
RES00003228	SAMD00021287	12328-130H6
RES00003228	SAMD00021333	12450-132D2
RES00003228	SAMD00021379	12572-133H7
RES00003229	SAMD00021288	12329-130H7
RES00003229	SAMD00021334	12451-132D3
RES00003229	SAMD00021380	12573-133H8
RES00003230	SAMD00021289	12330-130H8
RES00003230	SAMD00021335	12452-132D4
RES00003230	SAMD00021381	12574-133H9
RES00003231	SAMD00021290	12331-130H9
RES00003231	SAMD00021336	12453-132D5
RES00003231	SAMD00021382	12575-133I1
RES00003232	SAMD00021291	12332-130I1
RES00003232	SAMD00021337	12454-132D6
RES00003232	SAMD00021383	12576-133I2
RES00003233	SAMD00021292	12333-130I2
RES00003233	SAMD00021338	12455-132D7
RES00003233	SAMD00021384	12577-133I3
RES00003234	SAMD00021293	12334-130I3
RES00003234	SAMD00021339	12456-132D8
RES00003234	SAMD00021385	12578-133I4
RES00003235	SAMD00021294	12335-130I4
RES00003235	SAMD00021340	12457-132D9
RES00003235	SAMD00021386	12579-133I5
RES00003236	SAMD00021295	12336-130I5
RES00003236	SAMD00021341	12458-132E1
RES00003236	SAMD00021387	12580-133I6
RES00003237	SAMD00021296	12337-130I6
RES00003237	SAMD00021342	12459-132E2
RES00003237	SAMD00021388	12581-133I7
RES00003238	SAMD00005351	12582-133I8
RES00003238	SAMD00005712	12460-132E3
RES00003238	SAMD00005927	12338-130I7
RES00003239	SAMD00021297	12347-131A7
RES00003239	SAMD00021343	12469-132F3
RES00003239	SAMD00021389	12591-134A8
RES00003240	SAMD00005538	12157-128G6
RES00003241	SAMD00005333	12971-138H1
RES00003241	SAMD00005409	12987-138I8
RES00003241	SAMD00005644	13003-139B6
RES00003242	SAMD00004953	13367-143G1
RES00003242	SAMD00005464	13368-143G2
RES00003242	SAMD00005581	13369-143G3
RES00003243	SAMD00021991	13370-143G4
RES00003243	SAMD00021992	13371-143G5
RES00003243	SAMD00021993	13372-143G6
RES00003244	SAMD00021994	13373-143G7
RES00003244	SAMD00021995	13374-143G8
RES00003244	SAMD00021996	13375-143G9
RES00003245	SAMD00021997	13376-143H1
RES00003245	SAMD00021998	13377-143H2
RES00003245	SAMD00021999	13378-143H3
RES00003246	SAMD00022000	13379-143H4
RES00003246	SAMD00022001	13380-143H5
RES00003246	SAMD00022002	13381-143H6
RES00003247	SAMD00022003	13382-143H7
RES00003247	SAMD00022004	13383-143H8
RES00003247	SAMD00022005	13384-143H9
RES00003248	SAMD00022006	13385-143I1
RES00003248	SAMD00022007	13386-143I2
RES00003248	SAMD00022008	13387-143I3
RES00003249	SAMD00022009	13388-143I4
RES00003249	SAMD00022010	13389-143I5
RES00003249	SAMD00022011	13390-143I6
RES00003250	SAMD00022012	13391-143I7
RES00003250	SAMD00022013	13392-143I8
RES00003250	SAMD00022014	13393-143I9
RES00003251	SAMD00022015	13394-144A1
RES00003251	SAMD00022016	13395-144A2
RES00003251	SAMD00022017	13396-144A3
RES00003252	SAMD00022018	13397-144A4
RES00003252	SAMD00022019	13398-144A5
RES00003252	SAMD00022020	13399-144A6
RES00003253	SAMD00022021	13400-144A7
RES00003253	SAMD00022022	13401-144A8
RES00003253	SAMD00022023	13402-144A9
RES00003254	SAMD00022024	13403-144B1
RES00003254	SAMD00022025	13404-144B2
RES00003254	SAMD00022026	13405-144B3
RES00003255	SAMD00022027	13406-144B4
RES00003255	SAMD00022028	13407-144B5
RES00003255	SAMD00022029	13408-144B6
RES00003256	SAMD00022030	13409-144B7
RES00003256	SAMD00022031	13410-144B8
RES00003256	SAMD00022032	13411-144B9
RES00003257	SAMD00022033	13412-144C1
RES00003257	SAMD00022034	13413-144C2
RES00003257	SAMD00022035	13414-144C3
RES00003258	SAMD00022036	13415-144C4
RES00003258	SAMD00022037	13416-144C5
RES00003258	SAMD00022038	13417-144C6
RES00003259	SAMD00022039	13418-144C7
RES00003259	SAMD00022040	13419-144C8
RES00003259	SAMD00022041	13420-144C9
RES00003260	SAMD00004898	10008-101B6
RES00003261	SAMD00005298	1063-29H9
RES00003262	SAMD00005456	49-24D7
RES00003263	SAMD00005504	406-44C5
RES00003264	SAMD00005675	1254-43D6
RES00003265	SAMD00004758	1263-45I1
RES00003266	SAMD00005611	1262-18F5
RES00003267	SAMD00005683	1311-23C1
RES00003268	SAMD00005199	1377-27I3
RES00003269	SAMD00004853	583-22A8
RES00003270	SAMD00005242	46-23H1
RES00003271	SAMD00006018	56-12G2
RES00003272	SAMD00005623	1985-43F5
RES00003273	SAMD00005320	1525-43A6
RES00003274	SAMD00004931	1350-25C3
RES00003275	SAMD00005238	37-13H4
RES00003276	SAMD00022148	13532-145G4
RES00003276	SAMD00022149	13533-145G5
RES00003276	SAMD00022150	13534-145G6
RES00003277	SAMD00022151	13535-145G7
RES00003277	SAMD00022152	13536-145G8
RES00003277	SAMD00022153	13537-145G9
RES00003278	SAMD00022154	13538-145H1
RES00003278	SAMD00022155	13539-145H2
RES00003278	SAMD00022156	13540-145H3
RES00003279	SAMD00004796	15-8B2
RES00003280	SAMD00021111	10114-102E6
RES00003280	SAMD00021123	10126-102F9
RES00003280	SAMD00021135	10138-102H3
RES00003281	SAMD00021112	10115-102E7
RES00003281	SAMD00021124	10127-102G1
RES00003281	SAMD00021136	10139-102H4
RES00003282	SAMD00021113	10116-102E8
RES00003282	SAMD00021125	10128-102G2
RES00003282	SAMD00021137	10140-102H5
RES00003283	SAMD00021114	10117-102E9
RES00003283	SAMD00021126	10129-102G3
RES00003283	SAMD00021138	10141-102H6
RES00003284	SAMD00021115	10118-102F1
RES00003284	SAMD00021127	10130-102G4
RES00003284	SAMD00021139	10142-102H7
RES00003285	SAMD00021116	10119-102F2
RES00003285	SAMD00021128	10131-102G5
RES00003285	SAMD00021140	10143-102H8
RES00003286	SAMD00021117	10120-102F3
RES00003286	SAMD00021129	10132-102G6
RES00003286	SAMD00021141	10144-102H9
RES00003287	SAMD00021118	10121-102F4
RES00003287	SAMD00021130	10133-102G7
RES00003287	SAMD00021142	10145-102I1
RES00003288	SAMD00021119	10122-102F5
RES00003288	SAMD00021131	10134-102G8
RES00003288	SAMD00021143	10146-102I2
RES00003289	SAMD00021120	10123-102F6
RES00003289	SAMD00021132	10135-102G9
RES00003289	SAMD00021144	10147-102I3
RES00003290	SAMD00021121	10124-102F7
RES00003290	SAMD00021133	10136-102H1
RES00003290	SAMD00021145	10148-102I4
RES00003291	SAMD00021122	10125-102F8
RES00003291	SAMD00021134	10137-102H2
RES00003291	SAMD00021146	10149-102I5
RES00003292	SAMD00005275	1395-42I2
RES00003293	SAMD00005637	36-18H7
RES00003294	SAMD00004862	12128-128D4
RES00003294	SAMD00005084	12125-128D1
RES00003294	SAMD00005978	12122-128C7
RES00003295	SAMD00005905	16-22A4
RES00003296	SAMD00004779	19-21D8
RES00003297	SAMD00005145	630-43F1
RES00003298	SAMD00005968	12-14D5
RES00003299	SAMD00004720	1392-42F2
RES00003300	SAMD00005882	20-12F2
RES00003301	SAMD00005403	1388-42B2
RES00003302	SAMD00004895	1310-23B1
RES00003303	SAMD00005890	1387-42A2
RES00003304	SAMD00005687	58-23B2
RES00003305	SAMD00004868	31-12G4
RES00003306	SAMD00005612	345-16C6
RES00003307	SAMD00005492	399-16E2
RES00003308	SAMD00004677	426-16C9
RES00003309	SAMD00005445	1261-18D4
RES00003310	SAMD00005813	633-15C6
RES00003311	SAMD00004944	1532-43E7
RES00003312	SAMD00005344	1551-44G8
RES00003313	SAMD00004878	777-19A2
RES00003314	SAMD00005527	335-25E2
RES00003315	SAMD00005383	359-14H2
RES00003316	SAMD00005279	384-1E2
RES00003317	SAMD00005821	413-26A8
RES00003318	SAMD00005428	437-20E7
RES00003319	SAMD00005953	1517-43C4
RES00003320	SAMD00005639	1520-43B5
RES00003321	SAMD00004837	1564-45I6
RES00003322	SAMD00004987	12126-128D2
RES00003322	SAMD00005059	12129-128D5
RES00003322	SAMD00005912	12123-128C8
RES00003323	SAMD00005670	331-24E9
RES00003324	SAMD00005925	353-12F5
RES00003325	SAMD00005990	376-3I9
RES00003326	SAMD00004723	403-26D4
RES00003327	SAMD00005258	431-16C8
RES00003328	SAMD00005268	457-17C6
RES00003329	SAMD00005239	479-18E5
RES00003330	SAMD00004713	1283-20G3
RES00003331	SAMD00005147	639-21E3
RES00003332	SAMD00005457	1349-25I2
RES00003333	SAMD00005988	749-24G1
RES00003334	SAMD00006014	782-15G1
RES00003335	SAMD00004919	821-26I6
RES00003336	SAMD00005134	1351-25D3
RES00003337	SAMD00004670	1390-42D2
RES00003338	SAMD00021215	11949-126B5
RES00003339	SAMD00021224	11958-126C5
RES00003340	SAMD00021222	11956-126C3
RES00003341	SAMD00021223	11957-126C4
RES00003342	SAMD00021219	11953-126B9
RES00003343	SAMD00021220	11954-126C1
RES00003344	SAMD00021221	11955-126C2
RES00003345	SAMD00021216	11950-126B6
RES00003346	SAMD00021218	11952-126B8
RES00003347	SAMD00021217	11951-126B7
RES00003348	SAMD00022236	13622-146H4
RES00003349	SAMD00022229	13613-146G4
RES00003350	SAMD00022230	13616-146G7
RES00003350	SAMD00022231	13617-146G8
RES00003350	SAMD00022232	13618-146G9
RES00003351	SAMD00022233	13619-146H1
RES00003351	SAMD00022234	13620-146H2
RES00003351	SAMD00022235	13621-146H3
RES00003352	SAMD00022226	13610-146G1
RES00003352	SAMD00022227	13611-146G2
RES00003352	SAMD00022228	13612-146G3
RES00003353	SAMD00022199	13583-146D1
RES00003353	SAMD00022200	13584-146D2
RES00003353	SAMD00022201	13585-146D3
RES00003354	SAMD00022202	13586-146D4
RES00003354	SAMD00022203	13587-146D5
RES00003354	SAMD00022204	13588-146D6
RES00003355	SAMD00022205	13589-146D7
RES00003355	SAMD00022206	13590-146D8
RES00003355	SAMD00022207	13591-146D9
RES00003356	SAMD00022208	13592-146E1
RES00003356	SAMD00022209	13593-146E2
RES00003356	SAMD00022210	13594-146E3
RES00003357	SAMD00022196	13580-146C7
RES00003357	SAMD00022197	13581-146C8
RES00003357	SAMD00022198	13582-146C9
RES00003358	SAMD00005812	13-16E8
RES00003359	SAMD00005607	627-43G1
RES00003360	SAMD00005876	860-29I3
RES00003361	SAMD00004890	178-9A3
RES00003362	SAMD00004885	1251-16I5
RES00003363	SAMD00005002	381-16D5
RES00003364	SAMD00005725	976-16D8
RES00003365	SAMD00005161	463-22H4
RES00003366	SAMD00005044	482-18D3
RES00003367	SAMD00005646	1289-20F7
RES00003368	SAMD00006001	644-26D1
RES00003369	SAMD00005547	1322-23E9
RES00003370	SAMD00005089	688-20B8
RES00003371	SAMD00005632	720-20F2
RES00003372	SAMD00004753	755-23A5
RES00003373	SAMD00005244	827-18D1
RES00003374	SAMD00004971	1352-25E3
RES00003375	SAMD00005553	1384-42G1
RES00003376	SAMD00005957	411-4I9
RES00003377	SAMD00005060	434-16F8
RES00003378	SAMD00005783	464-22A5
RES00003379	SAMD00005742	483-18I2
RES00003380	SAMD00005277	1288-20C7
RES00003381	SAMD00005859	646-21G7
RES00003382	SAMD00005505	758-6D5
RES00003383	SAMD00005493	832-19I1
RES00003384	SAMD00005166	1353-25F3
RES00003385	SAMD00005811	1385-42H1
RES00003386	SAMD00022223	13607-146F7
RES00003386	SAMD00022224	13608-146F8
RES00003386	SAMD00022225	13609-146F9
RES00003387	SAMD00022214	13598-146E7
RES00003387	SAMD00022215	13599-146E8
RES00003387	SAMD00022216	13600-146E9
RES00003388	SAMD00022217	13601-146F1
RES00003388	SAMD00022218	13602-146F2
RES00003388	SAMD00022219	13603-146F3
RES00003389	SAMD00022220	13604-146F4
RES00003389	SAMD00022221	13605-146F5
RES00003389	SAMD00022222	13606-146F6
RES00003390	SAMD00022211	13595-146E4
RES00003390	SAMD00022212	13596-146E5
RES00003390	SAMD00022213	13597-146E6
RES00003391	SAMD00005992	508-5B2
RES00003392	SAMD00005264	355-15F8
RES00003393	SAMD00004746	378-3H6
RES00003394	SAMD00005338	409-16E1
RES00003395	SAMD00005020	433-16D7
RES00003396	SAMD00005920	462-17F5
RES00003397	SAMD00005008	481-18A3
RES00003398	SAMD00005697	499-43G4
RES00003399	SAMD00005838	641-24F4
RES00003400	SAMD00004696	1345-25G2
RES00003401	SAMD00005319	684-20A8
RES00003402	SAMD00005798	716-20H2
RES00003403	SAMD00005395	751-24B9
RES00003404	SAMD00005799	823-25A3
RES00003405	SAMD00004760	1368-26H1
RES00003406	SAMD00005227	1382-42D1
RES00003407	SAMD00005743	28-22B1
RES00003408	SAMD00004946	354-16G2
RES00003409	SAMD00006008	404-26F8
RES00003410	SAMD00005866	432-17C5
RES00003411	SAMD00005297	458-17B6
RES00003412	SAMD00004965	480-44A6
RES00003413	SAMD00005648	1287-20I6
RES00003414	SAMD00004963	640-42C6
RES00003415	SAMD00005933	683-20E5
RES00003416	SAMD00005558	715-19A3
RES00003417	SAMD00005871	750-23E6
RES00003418	SAMD00004879	822-18A4
RES00003419	SAMD00005110	1359-25C7
RES00003420	SAMD00004674	1394-42H2
RES00003421	SAMD00022533	3972-173I4
RES00003422	SAMD00022534	3973-173A5
RES00003423	SAMD00022535	3974-173B5
RES00003424	SAMD00022536	3975-173C5
RES00003425	SAMD00022537	3976-173D5
RES00003426	SAMD00022528	3967-173D4
RES00003427	SAMD00022382	3607-170C6
RES00003427	SAMD00022453	3679-171C6
RES00003428	SAMD00022383	3608-170D6
RES00003428	SAMD00022454	3680-171D6
RES00003429	SAMD00022384	3609-170E6
RES00003429	SAMD00022455	3681-171E6
RES00003430	SAMD00022385	3610-170F6
RES00003430	SAMD00022456	3682-171F6
RES00003431	SAMD00022386	3611-170G6
RES00003431	SAMD00022457	3683-171G6
RES00003432	SAMD00022479	3705-172B1
RES00003433	SAMD00022480	3706-172C1
RES00003434	SAMD00022481	3707-172D1
RES00003435	SAMD00022336	3561-170B1
RES00003435	SAMD00022407	3633-171B1
RES00003435	SAMD00022482	3708-172E1
RES00003436	SAMD00022337	3562-170C1
RES00003436	SAMD00022408	3634-171C1
RES00003436	SAMD00022483	3709-172F1
RES00003437	SAMD00022338	3563-170D1
RES00003437	SAMD00022409	3635-171D1
RES00003437	SAMD00022484	3710-172G1
RES00003438	SAMD00022339	3564-170E1
RES00003438	SAMD00022410	3636-171E1
RES00003438	SAMD00022485	3711-172H1
RES00003439	SAMD00022340	3565-170F1
RES00003439	SAMD00022411	3637-171F1
RES00003439	SAMD00022486	3712-172I1
RES00003440	SAMD00022341	3566-170G1
RES00003440	SAMD00022412	3638-171G1
RES00003440	SAMD00022487	3713-172A2
RES00003441	SAMD00022387	3612-170H6
RES00003441	SAMD00022458	3684-171H6
RES00003441	SAMD00022538	3977-173E5
RES00003442	SAMD00022388	3613-170I6
RES00003442	SAMD00022459	3685-171I6
RES00003442	SAMD00022539	3978-173F5
RES00003443	SAMD00022389	3614-170A7
RES00003443	SAMD00022460	3686-171A7
RES00003443	SAMD00022540	3979-173G5
RES00003444	SAMD00022390	3615-170B7
RES00003444	SAMD00022461	3687-171B7
RES00003444	SAMD00022541	3980-173H5
RES00003445	SAMD00022391	3616-170C7
RES00003445	SAMD00022462	3688-171C7
RES00003445	SAMD00022542	3981-173I5
RES00003446	SAMD00022342	3567-170H1
RES00003446	SAMD00022413	3639-171H1
RES00003446	SAMD00022488	3714-172B2
RES00003447	SAMD00022343	3568-170I1
RES00003447	SAMD00022414	3640-171I1
RES00003447	SAMD00022489	3715-172C2
RES00003448	SAMD00022344	3569-170A2
RES00003448	SAMD00022415	3641-171A2
RES00003448	SAMD00022490	3716-172D2
RES00003449	SAMD00022345	3570-170B2
RES00003449	SAMD00022416	3642-171B2
RES00003449	SAMD00022491	3717-172E2
RES00003450	SAMD00022346	3571-170C2
RES00003450	SAMD00022417	3643-171C2
RES00003450	SAMD00022492	3718-172F2
RES00003450	SAMD00022529	3968-173E4
RES00003451	SAMD00022347	3572-170D2
RES00003451	SAMD00022418	3644-171D2
RES00003451	SAMD00022493	3719-172G2
RES00003452	SAMD00022348	3573-170E2
RES00003452	SAMD00022419	3645-171E2
RES00003452	SAMD00022494	3720-172H2
RES00003453	SAMD00022349	3574-170F2
RES00003453	SAMD00022420	3646-171F2
RES00003453	SAMD00022495	3721-172I2
RES00003454	SAMD00022350	3575-170G2
RES00003454	SAMD00022421	3647-171G2
RES00003454	SAMD00022496	3722-172A3
RES00003455	SAMD00022351	3576-170H2
RES00003455	SAMD00022422	3648-171H2
RES00003455	SAMD00022497	3723-172B3
RES00003456	SAMD00022392	3617-170D7
RES00003456	SAMD00022463	3689-171D7
RES00003456	SAMD00022543	3982-173A6
RES00003457	SAMD00022393	3618-170E7
RES00003457	SAMD00022464	3690-171E7
RES00003458	SAMD00022394	3619-170F7
RES00003458	SAMD00022465	3691-171F7
RES00003458	SAMD00022544	3984-173C6
RES00003459	SAMD00022395	3620-170G7
RES00003459	SAMD00022466	3692-171G7
RES00003459	SAMD00022545	3985-173D6
RES00003460	SAMD00022396	3621-170H7
RES00003460	SAMD00022467	3693-171H7
RES00003460	SAMD00022546	3986-173E6
RES00003461	SAMD00022352	3577-170I2
RES00003461	SAMD00022423	3649-171I2
RES00003461	SAMD00022498	3724-172C3
RES00003462	SAMD00022353	3578-170A3
RES00003462	SAMD00022424	3650-171A3
RES00003462	SAMD00022499	3725-172D3
RES00003463	SAMD00022354	3579-170B3
RES00003463	SAMD00022425	3651-171B3
RES00003463	SAMD00022500	3726-172E3
RES00003464	SAMD00022355	3580-170C3
RES00003464	SAMD00022426	3652-171C3
RES00003464	SAMD00022501	3727-172F3
RES00003465	SAMD00022356	3581-170D3
RES00003465	SAMD00022427	3653-171D3
RES00003465	SAMD00022502	3728-172G3
RES00003465	SAMD00022530	3969-173F4
RES00003466	SAMD00022357	3582-170E3
RES00003466	SAMD00022428	3654-171E3
RES00003466	SAMD00022503	3729-172H3
RES00003467	SAMD00022358	3583-170F3
RES00003467	SAMD00022429	3655-171F3
RES00003467	SAMD00022504	3730-172I3
RES00003468	SAMD00022359	3584-170G3
RES00003468	SAMD00022430	3656-171G3
RES00003468	SAMD00022505	3731-172A4
RES00003469	SAMD00022360	3585-170H3
RES00003469	SAMD00022431	3657-171H3
RES00003469	SAMD00022506	3732-172B4
RES00003470	SAMD00022361	3586-170I3
RES00003470	SAMD00022432	3658-171I3
RES00003470	SAMD00022507	3733-172C4
RES00003471	SAMD00022402	3627-170E8
RES00003471	SAMD00022473	3699-171E8
RES00003471	SAMD00022552	3992-173B7
RES00003472	SAMD00022403	3628-170F8
RES00003472	SAMD00022474	3700-171F8
RES00003472	SAMD00022553	3993-173C7
RES00003473	SAMD00022404	3629-170G8
RES00003473	SAMD00022475	3701-171G8
RES00003473	SAMD00022554	3994-173D7
RES00003474	SAMD00022405	3630-170H8
RES00003474	SAMD00022476	3702-171H8
RES00003474	SAMD00022555	3995-173E7
RES00003475	SAMD00022406	3631-170I8
RES00003475	SAMD00022477	3703-171I8
RES00003475	SAMD00022556	3996-173F7
RES00003476	SAMD00022372	3597-170B5
RES00003476	SAMD00022443	3669-171B5
RES00003476	SAMD00022518	3744-172E5
RES00003477	SAMD00022373	3598-170C5
RES00003477	SAMD00022444	3670-171C5
RES00003477	SAMD00022519	3745-172F5
RES00003478	SAMD00022374	3599-170D5
RES00003478	SAMD00022445	3671-171D5
RES00003478	SAMD00022520	3746-172G5
RES00003479	SAMD00022375	3600-170E5
RES00003479	SAMD00022446	3672-171E5
RES00003479	SAMD00022521	3747-172H5
RES00003480	SAMD00022376	3601-170F5
RES00003480	SAMD00022447	3673-171F5
RES00003480	SAMD00022522	3748-172I5
RES00003480	SAMD00022532	3971-173H4
RES00003481	SAMD00022377	3602-170G5
RES00003481	SAMD00022448	3674-171G5
RES00003481	SAMD00022523	3749-172A6
RES00003482	SAMD00022378	3603-170H5
RES00003482	SAMD00022449	3675-171H5
RES00003482	SAMD00022524	3750-172B6
RES00003483	SAMD00022379	3604-170I5
RES00003483	SAMD00022450	3676-171I5
RES00003483	SAMD00022525	3751-172C6
RES00003484	SAMD00022380	3605-170A6
RES00003484	SAMD00022451	3677-171A6
RES00003484	SAMD00022526	3752-172D6
RES00003485	SAMD00022381	3606-170B6
RES00003485	SAMD00022452	3678-171B6
RES00003485	SAMD00022527	3753-172E6
RES00003486	SAMD00022397	3622-170I7
RES00003486	SAMD00022468	3694-171I7
RES00003486	SAMD00022547	3987-173F6
RES00003487	SAMD00022398	3623-170A8
RES00003487	SAMD00022469	3695-171A8
RES00003487	SAMD00022548	3988-173G6
RES00003488	SAMD00022399	3624-170B8
RES00003488	SAMD00022470	3696-171B8
RES00003488	SAMD00022549	3989-173H6
RES00003489	SAMD00022400	3625-170C8
RES00003489	SAMD00022471	3697-171C8
RES00003489	SAMD00022550	3990-173I6
RES00003490	SAMD00022401	3626-170D8
RES00003490	SAMD00022472	3698-171D8
RES00003490	SAMD00022551	3991-173A7
RES00003491	SAMD00022362	3587-170A4
RES00003491	SAMD00022433	3659-171A4
RES00003491	SAMD00022508	3734-172D4
RES00003492	SAMD00022363	3588-170B4
RES00003492	SAMD00022434	3660-171B4
RES00003492	SAMD00022509	3735-172E4
RES00003493	SAMD00022364	3589-170C4
RES00003493	SAMD00022435	3661-171C4
RES00003493	SAMD00022510	3736-172F4
RES00003494	SAMD00022365	3590-170D4
RES00003494	SAMD00022436	3662-171D4
RES00003494	SAMD00022511	3737-172G4
RES00003495	SAMD00022366	3591-170E4
RES00003495	SAMD00022437	3663-171E4
RES00003495	SAMD00022512	3738-172H4
RES00003495	SAMD00022531	3970-173G4
RES00003496	SAMD00022367	3592-170F4
RES00003496	SAMD00022438	3664-171F4
RES00003496	SAMD00022513	3739-172I4
RES00003497	SAMD00022368	3593-170G4
RES00003497	SAMD00022439	3665-171G4
RES00003497	SAMD00022514	3740-172A5
RES00003498	SAMD00022369	3594-170H4
RES00003498	SAMD00022440	3666-171H4
RES00003498	SAMD00022515	3741-172B5
RES00003499	SAMD00022370	3595-170I4
RES00003499	SAMD00022441	3667-171I4
RES00003499	SAMD00022516	3742-172C5
RES00003500	SAMD00022371	3596-170A5
RES00003500	SAMD00022442	3668-171A5
RES00003500	SAMD00022517	3743-172D5
RES00003501	SAMD00005517	3560-170A1
RES00003501	SAMD00005999	3632-171A1
RES00003501	SAMD00022334	2171-50H8
RES00003501	SAMD00022478	3704-172A1
RES00003502	SAMD00005704	595-22B6
RES00003503	SAMD00004714	588-5H2
RES00003504	SAMD00005853	17-12C2
RES00003505	SAMD00005654	1396-42A3
RES00003506	SAMD00005849	1830-49C7
RES00003507	SAMD00005267	1389-42C2
RES00003508	SAMD00021240	12247-129H6
RES00003508	SAMD00021241	12248-129H7
RES00003508	SAMD00021242	12249-129H8
RES00003509	SAMD00021246	12253-129I3
RES00003509	SAMD00021247	12254-129I4
RES00003509	SAMD00021248	12255-129I5
RES00003510	SAMD00021243	12250-129H9
RES00003510	SAMD00021244	12251-129I1
RES00003510	SAMD00021245	12252-129I2
RES00003511	SAMD00021249	12256-129I6
RES00003511	SAMD00021250	12257-129I7
RES00003511	SAMD00021251	12258-129I8
RES00003512	SAMD00005099	11812-124E3
RES00003512	SAMD00005149	11810-124E1
RES00003512	SAMD00005784	11811-124E2
RES00003513	SAMD00005235	11809-124D9
RES00003513	SAMD00005530	11808-124D8
RES00003513	SAMD00005929	11807-124D7
RES00003514	SAMD00005204	11806-124D6
RES00003514	SAMD00005733	11805-124D5
RES00003514	SAMD00005758	11804-124D4
RES00003515	SAMD00005249	18-22I9
RES00003516	SAMD00022335	2379-69A1
RES00003517	SAMD00005245	91-2I7
RES00003518	SAMD00005985	505-44H7
RES00003519	SAMD00005795	1299-22I4
RES00003520	SAMD00004897	988-6G6
RES00003521	SAMD00005580	34-16E4
RES00003522	SAMD00004683	405-44F4
RES00003523	SAMD00005490	1556-45F2
RES00003524	SAMD00005291	460-26E5
RES00003525	SAMD00004945	1558-45G3
RES00003526	SAMD00005870	1535-43I7
RES00003527	SAMD00005164	645-26G9
RES00003528	SAMD00005262	1531-43D7
RES00003529	SAMD00005663	1539-43D8
RES00003530	SAMD00005979	787-43B6
RES00003531	SAMD00005388	1555-45E2
RES00003532	SAMD00005022	1548-44H5
RES00003533	SAMD00005524	21-1G8
RES00003534	SAMD00005702	346-16E6
RES00003535	SAMD00005549	370-44C7
RES00003536	SAMD00005442	398-44A5
RES00003537	SAMD00005651	427-16B9
RES00003538	SAMD00004899	449-43F6
RES00003539	SAMD00005078	1265-44F5
RES00003540	SAMD00004923	1308-22E9
RES00003541	SAMD00005919	539-13I7
RES00003542	SAMD00005396	577-18G3
RES00003543	SAMD00004867	859-1F8
RES00003544	SAMD00005423	30-1C3
RES00003545	SAMD00004964	650-25G4
RES00003546	SAMD00004789	662-22H3
RES00003547	SAMD00005816	693-20I5
RES00003548	SAMD00004754	762-6C4
RES00003549	SAMD00005746	790-21I1
RES00003550	SAMD00005286	24-13C9
RES00003551	SAMD00005695	25-2G2
RES00003552	SAMD00005309	461-43C1
RES00003553	SAMD00004920	1271-21F2
RES00003554	SAMD00005884	752-24D1
RES00003555	SAMD00005217	824-19H1
RES00003556	SAMD00004892	1354-25G3
RES00003557	SAMD00005414	12121-128C6
RES00003557	SAMD00005934	12127-128D3
RES00003557	SAMD00005977	12124-128C9
RES00003558	SAMD00005432	33-1H6
RES00003559	SAMD00005153	356-43E3
RES00003560	SAMD00004695	1252-16G8
RES00003561	SAMD00005650	459-17D4
RES00003562	SAMD00005724	1035-18D5
RES00003563	SAMD00005926	1286-20C6
RES00003564	SAMD00005673	1340-24B8
RES00003565	SAMD00005361	718-18A9
RES00003566	SAMD00005716	1355-25E4
RES00003567	SAMD00005400	1386-42I1
RES00003568	SAMD00005112	59-29C1
RES00003569	SAMD00005243	57-7G5
RES00003570	SAMD00005814	389-23F5
RES00003571	SAMD00005707	443-27C5
RES00003572	SAMD00005676	470-26G5
RES00003573	SAMD00005862	486-18I5
RES00003574	SAMD00005973	503-18G5
RES00003575	SAMD00005755	1300-22B7
RES00003576	SAMD00005949	726-26I4
RES00003577	SAMD00004951	763-44D9
RES00003578	SAMD00004759	839-18H3
RES00003579	SAMD00005568	1391-42E2
RES00003580	SAMD00005500	38-12B5
RES00003581	SAMD00005455	402-44I4
RES00003582	SAMD00005419	430-45I2
RES00003583	SAMD00005771	456-26C5
RES00003584	SAMD00004685	478-18C1
RES00003585	SAMD00004709	1273-19G4
RES00003586	SAMD00004748	1541-43F8
RES00003587	SAMD00005875	2104-43C7
RES00003588	SAMD00005698	681-26C4
RES00003589	SAMD00005656	713-19D3
RES00003590	SAMD00005475	748-24E4
RES00003591	SAMD00004712	820-7A2
RES00003592	SAMD00004839	1362-25G7
RES00003593	SAMD00006007	1393-42G2
RES00003594	SAMD00005526	32-1B4
RES00003595	SAMD00005070	13297-142H3
RES00003596	SAMD00021926	13298-142H4
RES00003597	SAMD00021927	13299-142H5
RES00003598	SAMD00021928	13300-142H6
RES00003599	SAMD00021929	13301-142H7
RES00003600	SAMD00021930	13302-142H8
RES00003601	SAMD00021931	13303-142H9
RES00003602	SAMD00005466	13283-142F7
RES00003603	SAMD00021914	13284-142F8
RES00003604	SAMD00021915	13285-142F9
RES00003605	SAMD00021916	13286-142G1
RES00003606	SAMD00021917	13287-142G2
RES00003607	SAMD00021918	13288-142G3
RES00003608	SAMD00021919	13289-142G4
RES00003609	SAMD00004700	13290-142G5
RES00003610	SAMD00021920	13291-142G6
RES00003611	SAMD00021921	13292-142G7
RES00003612	SAMD00021922	13293-142G8
RES00003613	SAMD00021923	13294-142G9
RES00003614	SAMD00021924	13295-142H1
RES00003615	SAMD00021925	13296-142H2
RES00003617	SAMD00005219	879-12E4
RES00003618	SAMD00005325	590-15F5
RES00003619	SAMD00004798	92-27E5
RES00003620	SAMD00005786	89-27D5
RES00003621	SAMD00005950	51-27F8
RES00003622	SAMD00021152	10244-104B1
RES00003622	SAMD00021153	10245-104B2
RES00003622	SAMD00021160	10350-105D8
RES00003623	SAMD00021154	10246-104B3
RES00003623	SAMD00021155	10247-104B4
RES00003623	SAMD00021156	10248-104B5
RES00003624	SAMD00021157	10249-104B6
RES00003624	SAMD00021158	10250-104B7
RES00003624	SAMD00021159	10251-104B8
RES00003625	SAMD00004956	10235-104A1
RES00003625	SAMD00005326	10349-105D7
RES00003625	SAMD00005460	10237-104A3
RES00003625	SAMD00005835	10236-104A2
RES00003626	SAMD00005503	10238-104A4
RES00003626	SAMD00005545	10240-104A6
RES00003626	SAMD00005946	10239-104A5
RES00003627	SAMD00004869	10242-104A8
RES00003627	SAMD00004914	10243-104A9
RES00003627	SAMD00005563	10241-104A7
RES00003628	SAMD00004694	324-5I8
RES00003629	SAMD00005965	857-27C9
RES00003630	SAMD00006017	372-23H2
RES00003631	SAMD00005313	420-27D2
RES00003632	SAMD00005034	395-14B1
RES00003633	SAMD00005851	453-14F2
RES00003634	SAMD00004978	490-9F9
RES00003634	SAMD00005832	3139-67G5
RES00003634	SAMD00021110	10101-102D4
RES00003635	SAMD00004691	475-3I5
RES00003636	SAMD00005377	493-3B3
RES00003637	SAMD00004943	657-19C2
RES00003638	SAMD00005246	659-23C6
RES00003639	SAMD00005097	692-21D1
RES00003640	SAMD00005787	761-6B4
